,CustomerID,Gender,SeniorCitizen,tenure,MonthlyCharges,TotalCharges,Contract,InternetService,PaymentMethod,Churn
0,7978-DTYVZ,0,0,7,111.44,780.08,0,0,2,No
1,6816-CQOEN,0,0,69,104.06,7180.14,1,0,3,No
2,2212-CSPWC,0,1,16,104.76,1676.16,2,2,0,No
3,9852-DKNQQ,1,0,1,97.16,97.16,2,1,3,No
4,0313-QTGET,1,0,37,108.09,3999.33,0,0,0,Yes
5,1231-OZCHA,1,1,37,100.57,3721.09,0,0,0,No
6,4519-EKGGD,0,0,64,80.25,5136,1,0,3,No
7,1314-FDOHV,0,0,62,49.58,3073.96,0,1,0,No
8,2082-BFALS,,1,72,108.82,7835.04,2,1,0,Yes
9,3657-HRBRF,1,1,61,104.06,6347.66,2,2,2,No
10,9064-CNQCJ,1,0,33,67.29,2220.57,0,0,2,No
11,2871-GNTVA,0,1,66,23.91,1578.06,0,0,0,No
12,9113-MZXMT,1,0,30,83.85,2515.5,0,2,1,No
13,7409-OXQPN,0,1,20,25.06,501.2,1,0,3,No
14,7709-JULER,0,0,60,112.63,6757.8,1,2,0,Yes
15,4331-ZUCCY,1,1,24,116.16,2787.84,2,2,3,Yes
16,8978-EZCCK,1,0,4,38.95,155.8,1,0,2,No
17,3342-XRQVD,0,1,37,87.64,3242.68,1,1,3,Yes
18,4148-SAHJO,1,1,4,29.23,116.92,1,1,0,No
19,4302-DVKYR,1,1,18,92.95,1673.1,1,1,0,No
20,1819-QWTBK,0,1,66,54.73,3612.18,2,1,0,No
21,3443-SIFPO,0,1,48,88.11,4229.28,0,0,0,Yes
22,9799-XGGTE,0,1,33,57.29,1890.57,2,2,1,Yes
23,2842-CBYMO,0,1,58,34.56,2004.48,1,2,1,Yes
24,2695-DFEBJ,0,0,28,60.61,1697.08,0,0,1,Yes
25,8585-LHHBF,1,0,35,31.27,1094.45,0,1,0,No
26,5642-NDDMT,0,1,10,77.69,776.9,0,2,1,Yes
27,2742-CJFWQ,0,1,65,24.1,1566.5,2,0,3,No
28,3695-WICVR,0,0,42,72.73,3054.66,0,0,0,No
29,7321-WWDSF,1,0,9,108.64,977.76,2,1,2,No
30,5998-MTSEN,0,1,60,103.79,6227.4,2,0,0,Yes
31,0409-BWXZN,0,0,15,108.28,1624.2,1,2,3,Yes
32,9365-NDSPK,0,0,57,112.2,6395.4,1,2,1,Yes
33,2169-AAQDK,1,1,69,30.45,2101.05,0,0,0,No
34,8805-TECVY,0,1,22,32.87,723.14,0,2,1,No
35,2727-HRWMU,0,1,64,75.7,4844.8,1,0,0,No
36,3183-HKNLA,0,0,41,109.4,4485.4,2,2,3,No
37,4001-BWXSI,1,1,71,117.43,8337.53,2,1,0,No
38,6588-FLVZB,1,1,56,24.63,1379.28,1,2,1,No
39,6266-GJUGP,1,0,23,55.58,1278.34,2,1,1,No
40,4963-VTTLC,1,1,25,41.29,1032.25,1,1,3,No
41,5526-UGWAZ,0,0,6,95.6,573.6,1,0,0,Yes
42,2643-QWWGM,0,0,34,84.02,2856.68,0,1,2,No
43,3390-ENPIS,1,0,63,31.99,2015.37,0,2,0,No
44,3892-VHFSA,1,0,9,68.35,615.15,1,2,3,No
45,6408-RAZMU,0,0,60,88.54,5312.4,0,1,2,No
46,3134-OQHJS,0,0,49,97.9,4797.1,1,0,3,No
47,4825-LKGOF,1,1,51,22.01,1122.51,2,1,0,No
48,6793-PAHCA,1,1,60,109.05,6543,2,2,2,No
49,0730-IJDEK,1,1,70,76.93,5385.1,2,2,3,No
50,3253-QVZAU,1,0,37,101.19,3744.03,2,1,1,No
51,8350-PDUFS,0,1,31,100.79,3124.49,1,1,2,No
52,8739-DVJYE,1,0,41,38.99,1598.59,2,1,2,No
53,0572-GZSKX,1,1,62,31.02,1923.24,2,2,3,No
54,1278-UUCDG,0,0,58,92.13,5343.54,2,2,1,No
55,1423-KBBMX,0,1,14,35.64,498.96,2,2,2,No
56,5462-QZIIW,0,0,36,104.99,3779.64,1,0,3,No
57,4935-QIGAI,0,1,36,92.62,3334.32,2,2,2,No
58,9524-SNXRO,0,0,8,104.18,833.44,0,2,2,Yes
59,0156-ATMFL,1,1,26,49.9,1297.4,0,0,2,No
60,1235-KHRJI,1,0,36,51.66,1859.76,0,0,1,Yes
61,3519-MYOPQ,1,1,48,87.12,4181.76,0,0,0,No
62,7115-XFWQE,0,1,28,23.14,647.92,0,0,0,No
63,8265-UOAXH,1,1,68,92.65,6300.2,0,0,1,No
64,2630-TDUZS,0,0,62,103.58,6421.96,1,0,1,Yes
65,7553-HDYAQ,1,0,51,61.52,3137.52,0,1,3,No
66,6431-INYCB,1,0,42,96.49,4052.58,2,1,2,No
67,3085-XJULH,0,0,29,37.46,1086.34,0,1,1,No
68,0020-HZKSF,0,0,10,52.23,522.3,1,1,3,Yes
69,6930-XRJRO,1,1,39,117.43,4579.77,0,2,0,No
70,4871-EOWYE,1,0,1,118.63,118.63,2,0,0,No
71,4440-HXOLM,1,1,39,71.26,2779.14,2,2,0,Yes
72,8262-NIPPI,1,1,21,113.43,2382.03,1,0,0,No
73,5163-UEPZL,1,0,65,72.27,4697.55,1,0,3,No
74,6563-YAFCI,0,1,15,49.16,737.4,1,2,2,No
75,9753-ZYHNB,0,0,4,46.69,186.76,1,1,3,No
76,8290-JPTJQ,0,0,60,112.95,6777,0,2,2,No
77,9252-ELGQN,0,0,61,37.24,2271.64,0,2,0,No
78,2890-MQLML,1,1,20,77.96,1559.2,2,0,1,No
79,9979-BFHFS,1,0,10,75.55,755.5,1,0,1,No
80,3955-PKZGW,0,0,34,93.96,3194.64,1,0,1,Yes
81,1032-LWQFZ,1,0,48,69.92,3356.16,0,1,2,No
82,4145-BLAQU,0,1,33,47.23,1558.59,1,2,0,No
83,8751-JQEMZ,1,0,61,36.94,2253.34,2,2,3,No
84,2986-GKWQF,1,1,10,82.08,820.8,2,1,1,No
85,8683-VTTRS,1,1,54,91.9,4962.6,1,2,2,No
86,8660-HCORQ,0,0,65,76.95,5001.75,2,2,1,No
87,1967-FAEVB,0,1,1,93.84,93.84,2,0,3,Yes
88,3001-CKXCR,0,1,5,34.15,170.75,0,1,0,No
89,4572-YGQSI,0,0,15,108.25,1623.75,2,0,3,No
90,1368-WHDGT,1,0,28,78.24,2190.72,1,1,0,No
91,4093-KUXSV,1,0,23,32.68,751.64,1,0,0,Yes
92,4567-RHSVH,1,1,17,66.19,1125.23,2,2,0,No
93,5032-OUHBI,1,0,13,104.48,1358.24,1,1,1,Yes
94,0504-ZZRET,0,1,14,109.76,1536.64,0,1,3,Yes
95,4981-MTLDA,1,1,11,46.46,511.06,2,0,1,Yes
96,2674-XZXRX,1,1,28,91.13,2551.64,2,1,3,No
97,3202-ARQJV,1,1,42,30,1260,2,2,2,No
98,5956-JMUDC,0,1,61,23.35,1424.35,1,2,2,No
99,9965-DMMKS,0,0,64,76.04,4866.56,1,2,3,No
100,9912-UNRLX,0,0,31,89.48,2773.88,2,0,3,No
101,3740-SFUDN,1,1,10,99.58,995.8,1,1,3,No
102,5761-MGDJQ,0,1,8,54.02,432.16,1,0,3,No
103,9993-ARRWN,1,0,21,20.65,433.65,2,2,0,No
104,6678-MJSSH,1,0,59,67.95,4009.05,2,1,1,No
105,3620-VIBIE,1,1,50,21.59,1079.5,1,2,0,No
106,9061-LTZDZ,0,1,69,29.2,2014.8,2,1,1,No
107,5948-TVVDT,0,0,70,52.67,3686.9,2,1,1,No
108,5619-TOOSA,1,0,30,63.72,1911.6,2,0,1,No
109,2871-KJPZJ,1,1,17,47.95,815.15,2,1,0,Yes
110,0723-LGSZL,0,0,20,78.19,1563.8,1,2,3,No
111,6763-EETTR,0,0,48,25.53,1225.44,2,1,0,No
112,4243-CAVAC,0,1,2,34.46,68.92,0,2,0,No
113,9599-MOOEY,1,1,37,89.53,3312.61,2,0,1,No
114,2885-VEDDZ,1,1,1,34.21,34.21,0,2,2,No
115,3647-GTVAZ,1,0,4,83.98,335.92,2,1,2,No
116,4461-RZMQH,0,1,54,25.47,1375.38,0,2,0,No
117,2922-JIUYR,0,0,25,60.74,1518.5,0,2,1,Yes
118,9500-MCHFH,0,1,3,37.74,113.22,2,1,0,No
119,5725-XLJDH,1,1,9,30.96,278.64,2,2,0,No
120,8860-HCSGZ,1,0,34,76.7,2607.8,2,1,3,Yes
121,9039-HXDRV,0,0,43,112.83,4851.69,0,0,1,No
122,4173-KWENA,1,1,22,25.48,560.56,1,2,2,No
123,1523-AZDZX,0,1,70,62.16,4351.2,1,0,2,No
124,8174-GDSTJ,1,0,2,90.75,181.5,2,2,2,No
125,8847-PPEKG,0,1,66,66.27,4373.82,1,2,0,No
126,7722-WYUHJ,1,0,32,100.65,3220.8,1,0,1,No
127,6901-UBVSL,1,0,16,37.96,607.36,2,2,3,No
128,7760-CEUKB,0,1,1,115.96,115.96,0,2,2,No
129,5991-ORWKT,0,0,72,58.52,4213.44,2,0,1,Yes
130,2948-XKBWX,0,0,48,54.16,2599.68,1,2,2,No
131,5330-OJAKS,0,0,50,107.46,5373,0,1,3,Yes
132,3113-NABTE,0,1,13,76.39,993.07,1,2,1,Yes
133,9198-GCOWB,1,0,15,71.64,1074.6,0,2,0,No
134,6000-KYMKU,0,1,53,92.7,4913.1,1,2,0,No
135,7710-ZINOK,0,1,44,77.98,3431.12,2,0,2,No
136,3493-FWPVA,0,1,8,36.25,290,1,1,2,Yes
137,4383-VSRZY,1,0,46,87.42,4021.32,1,1,1,No
138,3380-NRGYW,0,0,69,33.35,2301.15,0,2,3,No
139,4735-OUCWU,0,1,19,100.59,1911.21,1,0,2,No
140,1723-CCYIW,0,1,38,118.97,4520.86,2,0,1,No
141,7106-LQOMH,1,0,11,57.74,635.14,2,1,3,No
142,1816-SOCIK,1,1,43,64.48,2772.64,2,0,2,No
143,0558-VIPHW,0,1,20,24.64,492.8,0,2,2,Yes
144,8560-ETVPZ,1,0,20,21.37,427.4,0,2,1,No
145,8902-UJHUV,0,1,21,112.14,2354.94,1,0,2,No
146,2987-DDTME,1,0,57,32.86,1873.02,1,2,0,No
147,3470-UXMGE,0,0,50,64.58,3229,1,1,3,No
148,4634-TVAMU,1,1,26,101.54,2640.04,0,2,3,No
149,2389-OWPFP,0,0,30,108.93,3267.9,0,0,0,Yes
150,5798-MEGRT,0,0,31,71.94,2230.14,1,1,1,Yes
151,8048-ZEZBU,1,0,42,76.5,3213,0,2,0,No
152,8028-OKQYV,0,1,68,86.97,5913.96,0,1,0,No
153,5589-KVPMN,0,1,61,116.14,7084.54,2,0,3,No
154,0573-DVGSQ,0,1,61,80.27,4896.47,2,2,1,No
155,0898-VBRAS,0,0,70,75.95,5316.5,1,2,2,No
156,2667-PFDNR,1,0,68,21.45,1458.6,1,1,0,No
157,1863-OOBOL,0,1,17,28.09,477.53,2,2,0,No
158,3593-UOJEX,1,1,19,77.72,1476.68,0,2,1,No
159,7949-GMWCU,1,0,51,113.62,5794.62,1,2,0,Yes
160,8032-OXKOG,1,1,70,106.67,7466.9,1,2,1,No
161,4134-HGELB,1,1,63,118.26,7450.38,1,0,2,No
162,6413-OZITW,0,1,30,72.78,2183.4,0,2,1,No
163,4317-WVGWT,0,1,25,98.79,2469.75,2,1,2,Yes
164,5909-CSTFZ,1,1,71,104.04,7386.84,1,0,1,No
165,5509-HCHVV,0,0,26,84.8,2204.8,2,1,0,No
166,1767-VMRKJ,1,1,56,53.87,3016.72,2,1,2,No
167,2162-GKHVK,0,1,22,67,1474,0,1,0,No
168,1551-ZEXOZ,0,0,19,105.79,2010.01,0,0,2,No
169,5696-BLTIZ,0,0,31,49.85,1545.35,0,0,1,No
170,2225-SPMEH,1,0,26,112.37,2921.62,0,0,1,No
171,5825-WGWEP,1,0,42,42.98,1805.16,0,2,1,No
172,0104-PXPBP,0,1,41,94.95,3892.95,0,1,3,No
173,0022-UBCIT,1,1,23,83.06,1910.38,1,0,3,No
174,1061-EFEKN,1,1,47,94.96,4463.12,2,1,2,No
175,9140-ZXIVP,0,1,13,63.73,828.49,0,0,3,Yes
176,9325-IRCJK,1,0,66,113.26,7475.16,1,0,1,Yes
177,1421-FPEBI,0,0,66,83.25,5494.5,2,0,3,No
178,9911-TFNAC,0,1,16,48.83,781.28,0,1,3,No
179,8502-IIERH,0,1,28,83.85,2347.8,0,2,0,No
180,5809-OCHTJ,1,1,35,48.68,1703.8,1,0,2,No
181,1327-IPPSR,0,1,41,49.36,2023.76,2,0,2,No
182,0326-CXQCH,0,0,31,59.96,1858.76,0,0,2,No
183,2553-MMPSR,1,1,32,105.24,3367.68,2,2,3,No
184,8400-EHJMI,1,0,54,70.03,3781.62,1,1,1,No
185,0709-MZNJO,1,0,72,87.89,6328.08,0,1,0,No
186,6868-BWZZX,1,0,59,59.2,3492.8,2,1,2,No
187,1577-JPDHQ,0,0,41,46.36,1900.76,1,1,3,No
188,3052-HOWPO,1,1,66,115.46,7620.36,1,0,1,No
189,2168-HECZO,1,1,54,80.36,4339.44,0,2,0,No
190,8050-SNADS,1,1,40,113.4,4536,2,0,0,No
191,0394-CSLON,1,1,28,40.34,1129.52,0,2,2,No
192,5440-FEXGY,0,0,37,34.69,1283.53,0,1,2,Yes
193,2593-ZAJKW,1,0,65,105.58,6862.7,2,2,1,No
194,9741-KGOQM,0,0,55,88.09,4844.95,2,0,3,No
195,4629-WJRIC,1,1,4,38.66,154.64,2,0,1,No
196,0843-TDXHS,0,0,10,46.94,469.4,1,1,2,Yes
197,1139-BGJOP,0,0,47,100.07,4703.29,1,0,1,Yes
198,4060-DGWRE,1,0,14,65.39,915.46,2,0,3,Yes
199,7536-UPWJX,0,0,38,87.05,3307.9,1,2,0,No
200,9367-NUDDA,1,1,12,51.84,622.08,0,0,0,Yes
201,8109-CYEZZ,0,0,45,58.12,2615.4,2,1,0,No
202,0927-PIHSX,0,0,17,119.07,2024.19,0,1,0,Yes
203,0950-QBGWY,0,1,35,44.76,1566.6,2,0,2,Yes
204,0006-LACZJ,1,1,66,70.65,4662.9,0,1,2,Yes
205,1405-YPNZL,0,1,41,104.44,4282.04,2,2,3,Yes
206,0860-HUHWK,1,0,67,43.92,2942.64,0,2,3,No
207,1289-ENXOM,0,0,29,61.52,1784.08,2,0,3,No
208,8067-IZSVG,0,0,18,81.51,1467.18,2,0,3,No
209,7201-SXAVF,0,0,20,68.12,1362.4,1,2,1,Yes
210,3047-KGKVG,0,1,14,65.95,923.3,0,1,3,No
211,6866-RFIFL,0,0,34,56.25,1912.5,1,0,0,No
212,1971-DVDVH,0,0,49,78.66,3854.34,0,0,0,No
213,5151-LJRKE,1,1,54,82.44,4451.76,1,1,0,Yes
214,5087-GVEOS,1,1,31,85.33,2645.23,2,0,1,No
215,4001-QSXXG,1,1,58,27.04,1568.32,1,1,3,No
216,4573-VRTUE,0,0,42,83.1,3490.2,1,1,0,No
217,2244-FBZQF,1,0,58,115.32,6688.56,2,1,0,No
218,7636-XNSRS,0,0,30,74.1,2223,1,1,0,Yes
219,4786-VGFCF,1,0,25,91.53,2288.25,2,1,0,No
220,7953-UPJBE,1,0,63,75.67,4767.21,0,2,2,Yes
221,3219-PPOUA,0,1,19,105.47,2003.93,1,1,3,No
222,8778-QKRLE,0,1,72,112.96,8133.12,2,2,3,Yes
223,5926-MLOSC,1,0,8,38.42,307.36,2,1,1,No
224,6115-KNVMT,1,0,3,63.69,191.07,1,0,2,Yes
225,6216-IDVQN,1,0,67,59.24,3969.08,0,2,1,No
226,6174-YIVJJ,1,0,17,60.52,1028.84,1,0,0,No
227,5869-RYDCQ,0,0,14,32.55,455.7,2,1,1,No
228,7339-TGVZZ,1,1,9,101.36,912.24,0,1,0,No
229,8239-MFKHZ,0,1,62,23.58,1461.96,1,0,0,No
230,3828-ILFYL,0,1,21,72.82,1529.22,2,1,3,No
231,7880-EGOXY,1,0,37,86.19,3189.03,1,0,3,Yes
232,2367-FROVY,0,0,11,40.75,448.25,0,1,3,No
233,6667-MUEYV,1,1,20,110.59,2211.8,0,1,3,Yes
234,4783-RBSPY,0,1,35,103.85,3634.75,0,2,3,No
235,9489-SETEK,0,0,53,67.11,3556.83,0,0,2,Yes
236,0474-NHDIO,1,1,47,61.11,2872.17,0,1,3,No
237,4669-ATLSQ,0,1,52,43.66,2270.32,1,0,1,No
238,7189-EVTTS,0,0,8,93,744,0,2,0,No
239,6321-APHQF,1,1,4,33.17,132.68,0,0,3,No
240,8096-EFUKO,0,1,27,88.02,2376.54,2,2,2,Yes
241,4054-TFRVL,0,1,44,104.25,4587,0,0,1,No
242,4790-OXRGY,1,0,40,42.85,1714,2,0,1,No
243,7338-URPPB,1,1,47,106.64,5012.08,2,2,0,No
244,7596-JNKOO,0,1,44,23.33,1026.52,2,1,1,No
245,3789-ARDHW,0,1,48,111.28,5341.44,1,1,1,No
246,6383-KSYIW,0,0,52,31.84,1655.68,1,1,1,Yes
247,0382-KGLMX,1,0,68,84.58,5751.44,2,0,1,No
248,6377-BRVIL,0,1,11,45.01,495.11,1,0,2,Yes
249,2503-IRHCI,0,0,4,103.66,414.64,0,1,0,Yes
250,0887-FZHER,0,1,48,71.23,3419.04,1,0,3,Yes
251,6647-BLSTO,0,0,26,33.52,871.52,0,0,1,No
252,6179-SHMYY,0,0,39,77.1,3006.9,0,1,2,Yes
253,9731-TBMPP,0,1,58,60.79,3525.82,1,2,0,No
254,1661-YSTGT,1,1,19,86.14,1636.66,1,0,3,No
255,3822-XOKZO,1,1,58,108.19,6275.02,2,0,0,No
256,8211-ZGBDW,0,0,28,60.94,1706.32,1,0,2,No
257,4842-UHLGG,0,1,66,48.99,3233.34,1,0,2,No
258,3934-XYDBB,1,0,10,21.45,214.5,1,2,2,No
259,3655-NMHDK,1,0,58,77.48,4493.84,0,1,1,Yes
260,0994-TFZJN,1,1,14,60.23,843.22,0,0,2,No
261,6628-LXPOB,0,0,15,57.46,861.9,0,1,3,No
262,3478-ESGCH,0,1,33,38.29,1263.57,2,0,1,No
263,7136-OKXZV,0,0,17,63.01,1071.17,2,2,0,No
264,3648-MDCWE,0,1,24,118.44,2842.56,2,1,3,No
265,3347-LXSPW,1,0,30,49.78,1493.4,0,2,1,No
266,0846-IWBWV,1,0,62,79.97,4958.14,1,0,2,Yes
267,5788-IEZEC,1,1,13,97.65,1269.45,2,2,0,No
268,9469-DWNSL,1,0,62,94.92,5885.04,2,2,2,No
269,7121-UBSLI,0,1,47,52.88,2485.36,0,0,3,Yes
270,7324-RXUBK,0,0,16,81.09,1297.44,2,0,3,Yes
271,8802-AYCYA,1,0,66,107.13,7070.58,1,1,1,Yes
272,8663-CCNCG,1,0,43,21.54,926.22,0,0,3,No
273,2268-WKHDZ,1,1,8,63.57,508.56,0,1,0,Yes
274,4038-TFEWS,1,1,3,42.43,127.29,1,2,1,No
275,4855-NRFGR,1,1,12,58.86,706.32,1,2,0,No
276,1344-MQRAV,0,1,16,61.6,985.6,1,1,2,No
277,9841-WTAQH,0,1,59,94.67,5585.53,2,0,0,No
278,9174-OBYOI,1,0,49,29.38,1439.62,1,0,0,No
279,4289-QMZMH,1,0,63,71.26,4489.38,0,2,3,No
280,0575-HFBSE,1,1,62,76.42,4738.04,1,1,2,Yes
281,5877-UDJUP,0,0,49,69.42,3401.58,0,2,3,No
282,4692-KEFLI,0,0,51,93.19,4752.69,0,2,2,No
283,4341-WKURF,0,0,33,58.38,1926.54,2,0,2,No
284,3157-YZROT,1,0,30,114.5,3435,1,1,0,No
285,7984-UOCAA,0,1,59,68.18,4022.62,2,2,3,Yes
286,0063-XTZVX,1,0,15,77.12,1156.8,1,0,0,No
287,3849-TPTTO,0,1,23,102.55,2358.65,1,2,0,Yes
288,6520-JKGVU,0,1,45,47.52,2138.4,1,2,0,No
289,4155-QEHBU,0,0,62,27.52,1706.24,1,0,2,No
290,7233-NSYDV,1,1,71,90.78,6445.38,1,0,3,No
291,6228-ICSCO,1,0,15,68.3,1024.5,0,1,3,Yes
292,4428-MQDRX,0,0,46,109.65,5043.9,0,2,0,No
293,3644-KQJYY,1,0,64,118.27,7569.28,1,1,2,No
294,9363-RAXOD,1,1,46,59.91,2755.86,0,0,3,Yes
295,0717-XRZFO,1,1,56,61.54,3446.24,2,0,1,No
296,8510-RKKAV,1,1,44,60.8,2675.2,2,2,3,No
297,0499-LRRWD,1,0,29,52.46,1521.34,2,1,0,No
298,2626-PJJTF,1,0,62,98.17,6086.54,1,1,1,No
299,9399-RMUUI,1,0,52,95.9,4986.8,1,2,2,No
300,5192-KZWEQ,0,1,54,67.86,3664.44,0,2,1,No
301,4432-PGQCS,1,0,57,24.47,1394.79,0,1,1,No
302,4010-DQUUD,1,0,66,50.96,3363.36,0,0,0,No
303,2346-OFUQI,0,1,22,49.23,1083.06,2,0,3,No
304,1320-QINPE,0,1,20,101.11,2022.2,2,2,2,Yes
305,0117-RHTLR,0,1,33,28.76,949.08,2,1,1,Yes
306,8118-GEEHP,0,0,72,100.57,7241.04,2,1,0,Yes
307,4593-GAYEE,1,0,25,86.92,2173,0,1,3,No
308,5859-EHWSD,0,0,46,93.24,4289.04,1,0,1,No
309,0429-GNRTC,0,1,57,63.22,3603.54,1,0,0,No
310,5778-KDJSY,1,1,5,87.97,439.85,2,1,0,Yes
311,1448-ATNIL,1,1,55,80.9,4449.5,1,1,0,No
312,8974-BUMKB,1,1,61,96.9,5910.9,1,2,2,No
313,4234-PDNNF,0,0,8,64.68,517.44,1,2,3,No
314,5791-WSHUN,1,0,16,67.28,1076.48,2,1,1,No
315,6507-EJEBU,0,0,48,84.36,4049.28,0,1,3,No
316,7683-FFKAZ,1,0,61,30.81,1879.41,0,0,3,Yes
317,1862-PMJPZ,1,0,15,63.62,954.3,1,1,1,Yes
318,6995-HMVHF,0,0,65,117.2,7618,0,2,3,Yes
319,6069-ARYBW,1,0,22,23.76,522.72,0,0,2,No
320,1591-PVGZL,1,0,3,51.6,154.8,2,2,1,No
321,8276-LFWIE,1,1,54,51.41,2776.14,2,2,1,No
322,8246-TQJNE,1,1,14,83.35,1166.9,1,0,0,No
323,0605-YSRIN,1,0,36,30.58,1100.88,1,2,3,No
324,5011-SMUXO,0,1,67,82.85,5550.95,1,1,1,Yes
325,4000-WPFZJ,0,0,10,29.5,295,2,2,1,Yes
326,9768-PWDTK,1,0,49,29.5,1445.5,0,0,2,No
327,3166-ESIKL,0,1,65,92.82,6033.3,2,0,0,No
328,6696-SQVFT,0,0,57,52.41,2987.37,2,0,1,No
329,8862-BTLPK,0,0,27,117.74,3178.98,0,2,2,No
330,5368-XEJWC,1,0,5,23.74,118.7,0,1,1,Yes
331,5462-YGXFV,1,0,71,64.51,4580.21,1,0,1,No
332,8415-TCDPT,1,0,57,31.31,1784.67,0,1,1,No
333,5778-JTVJG,0,0,15,55.14,827.1,0,0,2,Yes
334,8349-BQVRA,0,0,30,119.82,3594.6,0,1,3,No
335,5071-XKXLZ,1,1,20,108.88,2177.6,0,1,1,No
336,2418-WZNVW,1,1,37,24.83,918.71,1,1,1,Yes
337,5195-KTLIS,0,0,3,76.33,228.99,1,0,3,No
338,6259-GMFJP,0,1,41,84.78,3475.98,0,2,1,No
339,1821-BTERC,1,0,39,40.95,1597.05,0,2,0,No
340,0627-VSQWZ,0,0,26,34.51,897.26,1,2,1,No
341,4017-BGIRB,0,0,2,110.44,220.88,1,1,0,No
342,2890-YWMLQ,0,0,23,116.88,2688.24,0,0,3,No
343,7210-OBYEE,0,1,23,119.19,2741.37,2,1,2,Yes
344,0289-IVKVC,0,1,16,98.98,1583.68,1,0,3,No
345,3734-SDYKN,0,1,9,86.35,777.15,1,1,1,No
346,6302-NWEDL,0,1,13,54.57,709.41,1,0,0,No
347,9965-MXOLX,1,0,28,37.14,1039.92,0,0,2,No
348,1174-TBJSR,1,1,27,27.9,753.3,0,0,1,No
349,1271-JPNIU,0,0,51,89.33,4555.83,1,1,2,Yes
350,1954-YJNBL,0,0,64,98.47,6302.08,0,2,2,No
351,1579-SQFSN,0,1,52,102.65,5337.8,0,1,1,No
352,9844-GEOEF,1,0,38,111.38,4232.44,1,1,3,Yes
353,4532-LEZUP,1,1,65,107.99,7019.35,0,0,1,No
354,0946-XUAHZ,0,1,18,119.97,2159.46,2,0,1,Yes
355,3577-GZSXN,1,1,63,44.41,2797.83,0,2,3,No
356,2250-TKJYA,0,1,51,96.33,4912.83,0,2,0,No
357,5917-SZEAH,0,1,9,78.65,707.85,1,0,1,Yes
358,9340-YSGHA,0,0,13,46.12,599.56,1,2,2,No
359,8369-UFKGU,0,1,40,118.19,4727.6,2,2,1,No
360,2827-CJIOT,0,1,55,109.79,6038.45,0,0,1,No
361,2767-YCWQE,0,0,43,32.85,1412.55,2,1,2,Yes
362,2432-VOHIS,0,1,44,22.62,995.28,2,2,3,Yes
363,2679-EZCEF,1,1,68,88.83,6040.44,1,0,0,No
364,9457-NASLM,0,0,33,80.41,2653.53,0,2,0,No
365,4520-IBMMY,1,0,24,113.58,2725.92,1,2,2,No
366,1994-FCEYE,0,1,36,43.4,1562.4,2,0,3,No
367,3701-HBXKC,0,0,10,28.44,284.4,2,2,1,No
368,6730-CEGRN,1,1,20,45.92,918.4,1,2,1,No
369,3880-KAHTC,1,0,12,21.89,262.68,1,2,1,No
370,1850-ASHHA,0,1,62,23.59,1462.58,1,1,1,No
371,0496-JKDLM,1,1,18,111.49,2006.82,1,1,1,No
372,3138-NICRI,0,1,63,55.2,3477.6,1,2,2,No
373,4182-QWEXF,0,0,25,61.08,1527,2,0,1,No
374,3305-UQOBE,1,1,12,21.84,262.08,1,2,1,No
375,0103-EJPYZ,1,0,21,47.05,988.05,0,2,3,Yes
376,1983-EDKRI,1,1,25,100.47,2511.75,2,1,1,No
377,9634-YLQNL,1,1,11,81.55,897.05,2,1,0,No
378,0942-YJLZR,0,1,64,95.38,6104.32,0,1,2,No
379,2044-MNVUL,1,1,50,64.72,3236,0,2,2,No
380,9127-FUFHD,1,1,62,50.97,3160.14,2,2,2,Yes
381,8586-HXGIV,1,0,49,68.28,3345.72,1,0,0,No
382,8555-KJVVU,1,0,14,52.31,732.34,2,2,1,No
383,1008-DPYDB,1,0,1,103.9,103.9,2,2,2,No
384,9870-BFKPI,0,1,25,49.77,1244.25,0,1,0,No
385,1848-DTJTY,0,1,59,85.98,5072.82,2,1,3,No
386,2439-HLSFM,1,0,72,33.7,2426.4,1,1,1,No
387,3986-YYISO,1,1,69,88.69,6119.61,0,1,0,No
388,5456-GKWFN,0,1,5,111.33,556.65,2,1,1,Yes
389,0819-KLDFD,1,1,19,80.86,1536.34,2,0,3,No
390,0907-GMLCG,0,0,23,75.99,1747.77,1,0,0,No
391,1490-CDURD,0,0,9,116.11,1044.99,2,0,1,No
392,9036-ACOUA,1,0,50,82.74,4137,2,1,0,No
393,3999-TODWD,0,0,16,45.96,735.36,2,1,2,Yes
394,0118-IBDBU,1,0,33,49.24,1624.92,2,1,1,No
395,2605-WQEOB,1,1,2,90.53,181.06,1,0,0,Yes
396,6382-RKEPJ,0,1,14,93.54,1309.56,2,1,2,No
397,7663-LKVLD,0,1,1,50.35,50.35,2,0,3,Yes
398,2483-RZAYV,1,1,58,54.53,3162.74,2,1,1,No
399,6832-VGXTE,0,0,16,119.11,1905.76,0,2,1,No
400,2075-PINKW,1,0,47,30.2,1419.4,1,0,3,No
401,2817-OSSZF,0,1,44,60.46,2660.24,0,2,2,Yes
402,5886-WOABB,0,0,14,26.24,367.36,0,0,3,No
403,7891-XLNHX,1,1,24,102.11,2450.64,1,1,1,No
404,2867-LTLRK,1,1,55,29.23,1607.65,0,1,0,No
405,9032-BFAIY,1,1,15,87.4,1311,0,2,2,No
406,4792-FQZUD,0,1,72,25.65,1846.8,0,1,2,No
407,0963-UPKBP,1,0,34,87.29,2967.86,1,0,2,No
408,4773-DAQKH,1,1,2,104.3,208.6,2,1,3,No
409,3788-OGCFA,0,0,27,59.88,1616.76,1,1,3,Yes
410,7385-FXCIF,0,1,72,72.21,5199.12,1,0,0,No
411,5132-MNGWV,1,1,23,60.15,1383.45,1,2,0,No
412,6676-VTGQR,1,1,68,50.05,3403.4,0,2,2,Yes
413,6710-ZSBNB,1,1,14,100.33,1404.62,2,1,0,No
414,7313-BSZNH,1,0,63,47.2,2973.6,1,0,3,No
415,8559-ZWSCA,0,1,65,92.29,5998.85,1,2,0,No
416,8121-JJXRB,0,0,68,40.62,2762.16,2,2,3,No
417,5411-JDSYT,1,1,63,44.99,2834.37,2,1,0,Yes
418,1570-LSWDG,1,1,64,53.65,3433.6,2,0,1,No
419,7628-KXRAR,1,1,32,78.92,2525.44,0,2,3,No
420,8225-QNGYN,0,0,13,65.44,850.72,2,1,1,Yes
421,2428-TLCSQ,1,1,66,94.51,6237.66,0,1,3,No
422,9566-BZSNG,1,1,19,41.36,785.84,1,1,0,Yes
423,1046-TEAJL,0,1,24,21.07,505.68,0,1,1,No
424,9192-ONFQX,0,1,11,97.66,1074.26,2,2,0,No
425,7539-XYDSP,1,1,59,102.16,6027.44,0,0,3,No
426,2996-QVWTZ,1,0,15,25.95,389.25,2,1,1,Yes
427,5272-LHIMZ,0,0,10,81.09,810.9,0,1,2,Yes
428,6833-CJRIU,1,1,41,57.82,2370.62,1,2,0,Yes
429,8205-MNLOA,1,1,27,99.39,2683.53,0,1,3,Yes
430,2185-MREII,0,0,60,107.44,6446.4,1,1,1,No
431,1565-VGCGQ,0,1,52,105.1,5465.2,2,0,0,No
432,3964-QWBVY,0,0,28,97.72,2736.16,1,1,1,No
433,4910-USWBJ,1,1,65,46.91,3049.15,2,2,0,No
434,6609-XSKES,0,1,17,101.19,1720.23,2,0,0,No
435,9780-CLAAY,0,0,44,73.35,3227.4,1,2,0,No
436,0510-FGEMN,1,1,10,25.28,252.8,1,0,1,No
437,8375-QKIIX,1,0,63,65.69,4138.47,0,0,1,No
438,6070-VIKYA,0,0,47,114.22,5368.34,0,1,0,No
439,4686-PFGWF,0,0,38,108.79,4134.02,1,1,2,No
440,6072-GWGAW,1,1,70,30.23,2116.1,1,1,2,Yes
441,0453-MHAJF,1,0,53,94.41,5003.73,1,2,2,Yes
442,7525-OZHLQ,0,0,44,100.58,4425.52,1,1,3,No
443,8421-CEWZP,0,1,54,47.14,2545.56,2,1,2,Yes
444,0809-TZVDX,1,1,20,67.16,1343.2,1,0,1,No
445,6686-JCSYJ,0,1,31,91.1,2824.1,1,1,2,No
446,9410-HEXMA,1,1,7,63.9,447.3,1,1,1,Yes
447,7037-DMVCU,0,1,58,31.28,1814.24,1,1,3,Yes
448,3776-KFFZT,1,1,10,90.59,905.9,2,1,1,No
449,5824-DTYWS,1,0,10,111.16,1111.6,0,0,1,No
450,3491-SCVSA,0,1,39,85.25,3324.75,0,1,1,No
451,0669-RAXSW,0,0,28,97.38,2726.64,0,0,2,No
452,3900-OBUSF,1,1,30,55.84,1675.2,0,2,0,No
453,6589-GJQQD,0,0,37,38.32,1417.84,0,1,1,No
454,2460-VHJZH,0,0,67,84.28,5646.76,2,1,2,Yes
455,9918-AMDJT,0,1,43,52.78,2269.54,0,1,2,No
456,4528-BSRQF,1,1,52,106.01,5512.52,2,0,2,Yes
457,7361-UBODD,0,0,56,32.26,1806.56,2,1,0,No
458,8896-FQXEL,0,1,68,63.35,4307.8,0,1,0,No
459,6234-YZMAI,1,1,9,59.67,537.03,0,2,0,No
460,9986-RNGKR,0,0,23,113.81,2617.63,0,0,0,No
461,8651-RYZSE,0,0,63,35.31,2224.53,1,0,3,No
462,2542-KTJXE,1,0,61,20.98,1279.78,2,2,0,No
463,1627-XPKTX,1,1,40,43.81,1752.4,0,0,0,Yes
464,3856-KKQBQ,0,1,44,102.03,4489.32,1,1,0,No
465,2874-ZPQGK,0,1,24,40.93,982.32,2,1,1,No
466,7352-TLCAU,1,1,51,44.09,2248.59,1,2,1,Yes
467,5315-DWLCM,1,0,58,32.99,1913.42,1,0,0,No
468,7488-PEKAJ,0,1,33,91.54,3020.82,0,0,3,Yes
469,4279-RTTQH,0,0,16,26.92,430.72,2,0,1,Yes
470,3525-VTNWW,0,1,22,53.12,1168.64,1,2,2,Yes
471,6307-OOJYO,1,1,57,48.25,2750.25,2,1,1,No
472,1740-CPGWO,0,0,62,75.52,4682.24,0,2,2,No
473,1926-PDZIH,1,1,71,93.04,6605.84,2,1,1,No
474,8936-YXWQM,1,1,72,73.29,5276.88,1,2,0,No
475,8328-RQTCW,1,0,70,113.1,7917,1,1,1,No
476,5824-FNSNX,0,1,30,115.14,3454.2,2,0,0,No
477,6804-ERUXV,0,0,23,56.15,1291.45,1,0,0,Yes
478,1029-AKZQU,0,0,32,97.77,3128.64,1,0,1,No
479,3832-FKPRD,1,0,57,93.88,5351.16,1,2,2,Yes
480,7450-KSZLR,0,0,9,109.3,983.7,0,2,2,No
481,8345-TGBVE,1,1,31,64.79,2008.49,0,2,1,Yes
482,7834-KLFKB,1,1,71,73.05,5186.55,1,0,0,No
483,0575-GDCLW,1,1,9,61.58,554.22,2,1,2,Yes
484,7071-SLWZH,1,0,13,105.04,1365.52,0,0,3,Yes
485,1380-UVKOA,1,1,58,42.97,2492.26,2,0,0,No
486,0891-FGAKL,1,1,3,43.97,131.91,1,1,1,No
487,3770-PWGSD,0,1,35,57.26,2004.1,1,1,0,No
488,3480-QOYBT,1,1,21,43.03,903.63,2,1,3,No
489,1840-PCAWK,0,0,64,76.1,4870.4,0,1,3,No
490,1358-ACLFC,1,0,52,33.45,1739.4,2,0,2,No
491,9932-FGMBY,0,1,34,52.02,1768.68,2,2,3,No
492,1598-ZFQJG,0,0,35,111.34,3896.9,1,0,0,No
493,5879-RYBGQ,0,1,15,60.92,913.8,0,1,2,No
494,2308-QEMTA,0,1,6,94.82,568.92,2,2,3,No
495,3119-YMMAB,1,1,32,31.35,1003.2,0,2,2,No
496,1953-FTGUD,1,0,52,44.76,2327.52,1,0,2,Yes
497,9986-BTUWC,1,1,28,100.73,2820.44,0,0,1,Yes
498,7510-RJPHP,1,0,64,96.3,6163.2,1,0,2,No
499,8801-UEMTO,0,0,19,58.62,1113.78,0,2,2,No
500,2180-XXBUV,0,1,15,115.44,1731.6,2,2,3,Yes
501,8803-DOPIS,0,0,6,111.06,666.36,1,2,0,No
502,3295-SCTKU,1,0,38,116.23,4416.74,2,1,0,No
503,8435-WIYEP,0,1,26,62.79,1632.54,1,1,3,Yes
504,8363-SZPEF,1,0,51,39.75,2027.25,0,0,0,No
505,5242-KHLIJ,0,0,53,82.67,4381.51,0,2,2,No
506,2829-MDJYQ,0,1,56,88.48,4954.88,1,0,1,No
507,4495-YBMDG,0,1,59,32.54,1919.86,1,2,2,No
508,1082-MFKNS,0,0,70,98.65,6905.5,1,0,2,No
509,1491-XIFEL,0,1,58,21.81,1264.98,0,1,1,No
510,7372-CSPTC,1,1,13,68.27,887.51,1,2,3,No
511,0478-LGNAP,0,0,43,53.1,2283.3,1,1,2,No
512,8473-JFQIK,1,0,51,94.03,4795.53,2,2,2,No
513,5560-IZKDX,1,1,19,51.28,974.32,1,0,3,No
514,8694-FQQBU,1,0,21,102.68,2156.28,2,2,2,No
515,0089-JACIT,1,1,24,79.5,1908,2,1,2,No
516,3543-IHWIQ,1,1,26,99.39,2584.14,2,2,0,Yes
517,5093-MDRDP,1,0,45,118.93,5351.85,0,0,3,Yes
518,2422-SQCEO,1,0,28,87.92,2461.76,2,2,2,Yes
519,8925-CPMUI,1,1,29,118.5,3436.5,1,1,2,No
520,9569-BPMMC,0,1,17,22.88,388.96,0,0,1,No
521,9671-FXAGU,0,1,68,53.81,3659.08,0,1,1,No
522,3685-CTPWN,1,1,44,30.79,1354.76,0,2,1,No
523,3123-VBIAL,1,0,61,46.23,2820.03,0,1,2,No
524,2238-VZGFQ,1,1,68,103.89,7064.52,0,2,2,No
525,5113-MNHOM,0,0,25,23.23,580.75,0,0,1,No
526,0537-WGUXZ,0,0,67,72.02,4825.34,0,1,0,No
527,1285-KCOQH,1,1,2,76.71,153.42,2,1,0,No
528,7906-QRSCX,1,0,49,76.12,3729.88,1,2,0,No
529,1306-GXHVE,0,0,70,67.53,4727.1,1,1,0,No
530,3790-HKKDP,0,1,26,99.06,2575.56,2,1,3,No
531,3503-DZONU,1,0,72,33.35,2401.2,2,0,1,No
532,8032-CZDGR,1,0,27,51.06,1378.62,0,2,2,Yes
533,0783-OSQAO,1,1,18,81.57,1468.26,0,2,1,No
534,9884-IYMFO,1,1,54,89.1,4811.4,2,0,0,No
535,2601-PALWS,0,1,1,60.41,60.41,0,0,2,Yes
536,6280-CLGZI,0,1,61,107.54,6559.94,1,2,3,No
537,5950-FFVIB,1,1,3,61.55,184.65,1,0,1,No
538,5519-MKAOJ,1,1,68,60.28,4099.04,0,0,2,No
539,7404-IJAWK,1,1,41,23.62,968.42,0,0,2,No
540,2173-ZAOLA,0,0,37,75.11,2779.07,0,2,0,No
541,9372-DLOPM,1,0,51,90.87,4634.37,1,0,0,No
542,0132-GZIIG,1,1,15,31.44,471.6,0,1,1,No
543,2273-RAECJ,1,0,8,50.54,404.32,2,1,3,No
544,5981-USCZQ,0,0,38,98.13,3728.94,0,2,2,No
545,3290-TEHLZ,1,1,56,56.59,3169.04,2,0,0,No
546,1663-KJIUW,0,0,47,44.16,2075.52,0,1,1,No
547,8049-ZJYAP,1,1,10,87.22,872.2,0,2,0,No
548,2026-MQDVE,1,0,49,39.68,1944.32,1,1,1,No
549,5761-JIPZE,1,1,41,109.57,4492.37,2,0,0,No
550,3871-BVSAC,0,0,30,30.56,916.8,2,2,3,No
551,7787-SLQIJ,1,0,5,90.65,453.25,2,1,2,No
552,6588-DNODI,1,0,71,69.95,4966.45,1,2,0,Yes
553,8622-FTBGZ,0,1,31,106.99,3316.69,2,1,2,No
554,4779-RTNUK,0,0,52,32.62,1696.24,1,1,1,No
555,1329-WABZZ,0,0,23,87.79,2019.17,0,0,3,No
556,1216-BAFBU,1,1,48,77.21,3706.08,0,0,2,No
557,3645-IXOYG,0,1,40,68.01,2720.4,2,1,0,Yes
558,3090-ELHYX,1,0,6,69.14,414.84,0,2,2,No
559,8746-SRZCS,0,0,38,92.2,3503.6,0,2,2,No
560,7584-EVNYJ,0,0,41,113.77,4664.57,2,0,1,Yes
561,2388-XYBWL,0,0,27,29.13,786.51,0,1,3,No
562,3193-HJNSU,1,1,69,21.95,1514.55,2,0,3,Yes
563,4401-TLDEC,1,0,57,100.57,5732.49,2,1,2,No
564,4772-UMAIQ,1,0,17,30.82,523.94,0,1,2,No
565,7887-RPTLO,1,1,71,118.67,8425.57,0,0,1,No
566,5372-NHPNJ,1,0,47,81.93,3850.71,0,2,2,No
567,3919-HLKVO,1,0,13,85.09,1106.17,0,0,1,No
568,4731-EXCYS,1,0,11,39.89,438.79,0,1,3,No
569,7010-BLWHM,1,1,24,44.03,1056.72,1,0,3,No
570,7063-IKRPE,1,1,4,85.94,343.76,0,2,1,No
571,9445-DLRVN,0,0,46,110.97,5104.62,1,2,2,No
572,4404-QCUVB,0,0,18,118.24,2128.32,2,1,3,No
573,7480-IAKVZ,1,1,43,39.8,1711.4,0,0,0,No
574,8878-VIQIU,1,0,33,33.41,1102.53,0,2,1,No
575,7798-THGGQ,1,0,10,25.64,256.4,0,0,3,No
576,3323-DESVA,1,1,59,106.83,6302.97,2,2,3,No
577,0533-JMVKM,0,1,31,49.47,1533.57,1,1,3,Yes
578,9600-NWHUV,0,1,28,20.18,565.04,1,1,0,No
579,8951-CTPUR,1,0,60,42.38,2542.8,0,0,0,No
580,1045-WLCLU,0,0,3,54.04,162.12,0,1,0,Yes
581,2171-IJCDW,0,0,55,119.1,6550.5,0,2,2,Yes
582,4637-BBIFP,1,0,14,72.35,1012.9,0,1,1,Yes
583,7191-GZHVZ,1,1,58,40.47,2347.26,2,2,2,No
584,3132-COBWX,1,0,15,53.48,802.2,0,2,0,No
585,3508-GVFQA,1,0,2,53.03,106.06,2,1,1,No
586,2257-MNLLV,0,1,24,21.97,527.28,0,2,2,No
587,2051-NVZKW,1,1,64,33.52,2145.28,1,2,2,No
588,8013-HXMRZ,0,0,71,89.52,6355.92,1,0,2,No
589,2048-OAQAU,1,1,24,32.03,768.72,0,0,0,Yes
590,8988-MGUYD,0,1,27,43.07,1162.89,0,0,3,No
591,1462-UICRO,1,0,37,55.07,2037.59,2,1,1,No
592,1916-QOSSD,1,0,39,95.77,3735.03,0,0,0,Yes
593,8391-DCQJG,0,0,63,78.24,4929.12,0,2,1,No
594,4664-FUMHX,0,0,26,88.9,2311.4,0,1,0,No
595,5837-AFEIQ,0,1,65,76.7,4985.5,1,1,2,Yes
596,7302-OKZPS,1,1,4,88.36,353.44,2,1,2,Yes
597,2901-YBLIR,0,0,29,20.28,588.12,1,1,3,Yes
598,2894-GXBXP,0,0,1,113.09,113.09,2,2,3,No
599,0811-PUHMQ,0,1,50,31.09,1554.5,1,2,1,No
600,3650-FQZNC,0,0,11,60.62,666.82,0,0,3,No
601,1360-UDOEA,0,0,59,97.1,5728.9,1,1,3,No
602,0973-PAMJA,0,0,62,63.52,3938.24,1,0,1,No
603,4534-BBDZZ,0,0,36,114.68,4128.48,2,2,0,No
604,0297-KPSKP,0,1,56,66.76,3738.56,2,1,3,Yes
605,6257-AKXTZ,0,0,21,107.49,2257.29,1,2,0,No
606,5925-HZXRA,1,1,13,101.08,1314.04,2,0,2,No
607,3348-VVSBP,1,0,9,118.1,1062.9,2,2,3,No
608,1580-GUZKG,0,0,11,112.65,1239.15,2,1,2,No
609,0864-NCWGG,1,1,70,109.81,7686.7,2,1,2,Yes
610,8780-CQAXM,1,0,1,93.16,93.16,2,0,0,No
611,5254-TRSYI,0,1,70,56.7,3969,1,1,1,No
612,1910-KGNEU,0,0,56,30.61,1714.16,2,2,3,No
613,9937-SDGTR,0,0,31,88.86,2754.66,0,2,0,No
614,5587-WEYYV,0,0,37,117.87,4361.19,1,2,1,No
615,6121-ODYTT,0,0,47,92.66,4355.02,1,2,2,No
616,3536-LEZRV,0,0,47,112.87,5304.89,1,0,3,No
617,9269-IZXBL,1,1,69,100.43,6929.67,2,2,2,No
618,1881-DYMRS,0,1,58,36.31,2105.98,0,0,2,No
619,9160-SMZST,1,0,36,44.92,1617.12,2,2,3,No
620,9605-STDHM,0,0,32,54.19,1734.08,1,0,1,No
621,4930-YXLKK,0,1,64,36.83,2357.12,1,2,1,No
622,0569-HKQSJ,1,1,71,78.17,5550.07,1,2,3,No
623,5714-HRISC,0,0,42,117.55,4937.1,1,0,3,Yes
624,5066-LYEBE,0,0,48,96.15,4615.2,2,1,0,No
625,9867-SWGWZ,1,1,30,62.34,1870.2,0,1,0,No
626,9668-YFHRP,0,0,21,20.45,429.45,0,1,2,No
627,4039-AAQWZ,1,1,60,51.33,3079.8,1,0,3,No
628,1121-LUZPL,0,0,13,72.68,944.84,0,1,1,No
629,2430-IRRYB,0,1,1,52.43,52.43,1,1,2,No
630,0935-LECCR,1,1,65,31.1,2021.5,1,0,2,No
631,1599-TQQGU,0,0,33,64.28,2121.24,0,1,2,No
632,3014-CMCTJ,1,1,38,45.33,1722.54,1,1,2,No
633,9290-HNFIZ,1,0,25,110.92,2773,0,1,1,No
634,6253-DGKTK,1,0,26,30.18,784.68,1,0,2,No
635,1863-OYQNF,0,0,59,24.92,1470.28,0,0,3,No
636,9980-DUXGG,0,0,33,20.53,677.49,1,1,0,Yes
637,4954-XEORK,1,1,41,52.81,2165.21,0,1,1,No
638,0390-UPUXL,0,0,30,86.04,2581.2,1,0,3,No
639,7296-LISWU,0,0,57,93.04,5303.28,1,1,3,No
640,3370-FFFTG,0,0,49,65.33,3201.17,1,0,3,No
641,2746-FLDCP,1,0,48,88.43,4244.64,0,1,0,No
642,7656-HYTPD,0,1,72,55.99,4031.28,2,0,0,Yes
643,5158-DJAVT,1,0,49,86.78,4252.22,1,2,0,Yes
644,5333-JMNJA,0,1,47,24.06,1130.82,1,2,3,No
645,6131-JFJRU,0,1,56,59.08,3308.48,0,0,0,No
646,9413-AGPQU,1,1,65,99.08,6440.2,1,2,2,No
647,7694-DWAUA,0,0,12,100.3,1203.6,1,1,0,No
648,9808-SKQOQ,1,0,69,91.61,6321.09,1,0,1,No
649,7673-OQEES,0,0,6,40.42,242.52,1,0,3,No
650,1427-SNOWZ,1,0,65,44.72,2906.8,2,1,3,No
651,2903-NBJRP,0,1,25,119.61,2990.25,2,1,2,No
652,3549-XGXAW,0,1,1,30.34,30.34,1,0,0,Yes
653,5140-CTTUF,0,0,32,38.07,1218.24,1,1,0,No
654,9435-UWEHY,1,0,3,33,99,1,0,1,No
655,3667-DLCQK,1,0,49,52.77,2585.73,2,1,2,Yes
656,4697-RHQWB,1,0,19,41.02,779.38,2,0,1,No
657,3949-HDHBN,0,0,60,69.77,4186.2,0,1,1,No
658,6974-IRSLT,1,0,29,67.6,1960.4,0,1,3,No
659,3242-WCZPJ,1,0,50,110.15,5507.5,1,2,3,No
660,3969-OFHRR,1,1,2,23.47,46.94,1,2,0,No
661,4373-UAORI,1,1,56,51.99,2911.44,2,2,0,No
662,2895-KFJIF,1,1,17,79.67,1354.39,1,1,1,No
663,2317-MXOFW,1,1,60,80.48,4828.8,1,0,0,No
664,0194-YEWMC,1,0,36,68.01,2448.36,2,1,1,No
665,5894-UVDDF,1,0,61,101.57,6195.77,2,2,0,No
666,4893-TMNKB,1,0,17,26.27,446.59,2,1,0,Yes
667,0155-YQJTE,1,0,49,101.55,4975.95,2,2,3,No
668,7973-CLAOA,0,0,60,69.48,4168.8,0,2,3,No
669,8786-HEMVB,0,1,20,33.38,667.6,2,0,3,No
670,4178-IMNEV,1,0,50,108.57,5428.5,2,0,3,No
671,5267-WVGKV,0,1,3,84.92,254.76,1,2,2,No
672,4817-IOFDE,0,0,43,36.35,1563.05,1,2,3,No
673,3137-DDTQO,1,1,57,23.36,1331.52,1,1,2,Yes
674,5642-BXFPB,1,0,50,34.11,1705.5,0,2,3,No
675,3475-HULNF,1,1,68,80.88,5499.84,2,1,0,Yes
676,4823-TOVNQ,0,0,50,37.93,1896.5,2,2,1,No
677,3637-YTQOT,1,0,37,42.58,1575.46,0,0,0,No
678,4014-REPSR,0,0,46,22.51,1035.46,2,0,0,No
679,5618-BRYWW,1,0,42,92.29,3876.18,1,2,2,No
680,4307-RCSUB,0,1,15,101.04,1515.6,0,1,3,No
681,7440-GJKNO,0,0,33,99.68,3289.44,2,1,1,Yes
682,7153-DFRPX,1,1,11,32.76,360.36,0,1,1,No
683,6409-AWVVR,1,0,20,110.33,2206.6,0,2,3,No
684,6220-LPQCL,0,1,24,87.23,2093.52,2,2,2,No
685,1244-QZKYP,0,0,64,109.75,7024,1,0,2,No
686,4767-HDLWB,1,0,65,64.72,4206.8,2,0,2,No
687,8106-WHHXG,1,1,17,63.7,1082.9,2,2,1,No
688,1143-DJQCS,0,0,61,98.45,6005.45,1,0,2,Yes
689,4619-PLADY,1,0,15,29.33,439.95,2,1,2,No
690,1150-GDBXZ,0,1,51,72.09,3676.59,2,1,1,No
691,6831-KZZJU,1,0,27,103.64,2798.28,2,2,1,No
692,6122-JMXDL,1,1,61,103.02,6284.22,0,1,0,No
693,1662-LKOEM,1,0,58,115.61,6705.38,0,2,1,No
694,7107-HGCUL,0,1,31,89.83,2784.73,0,1,3,No
695,8955-EIIWE,1,1,12,40.78,489.36,2,2,1,No
696,9819-IXYMY,0,1,46,22.03,1013.38,1,1,1,No
697,3263-PBJKX,1,1,31,67.94,2106.14,0,1,2,Yes
698,6490-SMNEZ,0,0,32,71.37,2283.84,1,0,0,Yes
699,6153-OCCZK,0,0,32,44.03,1408.96,2,0,2,No
700,0190-CRCPV,1,1,53,32.47,1720.91,0,0,0,Yes
701,8735-RAEWL,0,0,61,78.62,4795.82,2,0,2,No
702,5762-NYCML,0,0,46,96.43,4435.78,1,0,3,No
703,9559-EFTYK,0,0,7,119.32,835.24,0,0,2,No
704,1739-ALGXM,0,1,4,95.83,383.32,0,2,2,No
705,0670-XOLSL,1,0,52,99.36,5166.72,0,2,3,No
706,7108-VATHV,1,0,31,81.65,2531.15,0,0,3,No
707,4453-UGHQN,1,1,36,118.59,4269.24,1,2,1,No
708,7162-OUZCJ,0,0,54,84,4536,0,0,2,No
709,3237-KJBVS,0,1,54,106.03,5725.62,2,2,3,No
710,3903-JMQKG,1,1,17,114.58,1947.86,0,1,3,Yes
711,7622-TZDJM,1,1,30,112.99,3389.7,1,2,1,No
712,5816-NBNQY,0,0,22,58.14,1279.08,0,2,0,No
713,7181-UENCI,1,0,43,27.87,1198.41,1,2,3,No
714,4280-DTICE,1,1,27,37.19,1004.13,1,1,3,No
715,8124-PLODS,0,1,37,25.92,959.04,2,0,2,No
716,6520-DQXHG,1,1,46,30.54,1404.84,0,2,1,No
717,5576-DERYE,0,1,35,38.47,1346.45,0,2,2,Yes
718,5094-IFUZT,1,1,4,54.11,216.44,0,1,0,No
719,3187-TJFMD,0,1,26,74.35,1933.1,2,0,1,No
720,7326-IRKBB,0,0,19,91.17,1732.23,2,2,2,No
721,9664-OXBUS,0,1,45,41.09,1849.05,1,1,3,No
722,5567-VXAJN,0,1,26,87.25,2268.5,1,0,3,Yes
723,6270-KBSVN,0,1,22,90.43,1989.46,1,0,1,Yes
724,7096-CXLGC,1,0,58,75.86,4399.88,2,2,3,No
725,8628-AHMBJ,1,0,63,110.36,6952.68,2,2,2,Yes
726,3502-NDPAM,1,0,28,31.1,870.8,2,2,1,No
727,5275-KUMKD,0,0,65,37.71,2451.15,1,2,3,No
728,2221-MSLFA,1,1,44,62.87,2766.28,2,1,3,No
729,5336-VLZNM,0,0,43,32.67,1404.81,1,1,0,No
730,5058-FVKPN,0,1,37,76.63,2835.31,1,2,0,No
731,2441-AJATD,1,1,66,59.84,3949.44,0,0,1,Yes
732,8888-AYTZT,0,1,17,48.46,823.82,0,2,0,No
733,2634-EBYNH,1,1,40,37,1480,0,0,2,No
734,5696-HFRCP,0,1,38,53.53,2034.14,1,0,3,No
735,5712-WHHVD,0,1,61,80.8,4928.8,0,0,3,No
736,8562-CJTJH,1,0,9,77.58,698.22,0,1,3,No
737,7677-WFMRJ,0,0,61,36.36,2217.96,0,0,1,No
738,0907-GGKAS,1,0,16,32.49,519.84,2,0,1,Yes
739,2070-AKNYD,0,0,2,22.67,45.34,1,1,0,Yes
740,4729-DIEAV,1,0,72,21.24,1529.28,0,0,3,No
741,7123-WXYCO,0,1,43,107.98,4643.14,2,0,3,Yes
742,5721-ZBYCI,1,0,42,24.51,1029.42,2,2,3,No
743,5956-KIPSM,1,0,57,93.12,5307.84,2,0,3,No
744,8301-CKGGW,0,0,67,107.2,7182.4,0,0,3,Yes
745,1082-CXKIQ,1,1,30,29.81,894.3,2,0,2,No
746,0017-WUSDT,0,1,13,63.63,827.19,1,0,3,Yes
747,1631-MTBAW,0,1,19,116.23,2208.37,2,0,2,No
748,8766-PSJLN,1,0,7,103.41,723.87,2,1,3,No
749,0443-KUYLC,1,0,9,68.97,620.73,2,0,1,No
750,0004-EFMTT,1,0,54,96.26,5198.04,2,0,1,No
751,4143-DNILY,1,0,61,103.34,6303.74,1,1,2,Yes
752,0234-NVPKI,1,0,2,54.8,109.6,0,1,3,No
753,3940-XPYSF,0,1,50,109.22,5461,1,0,1,No
754,1697-XUOXG,1,0,31,67.05,2078.55,1,0,1,No
755,0234-OGBKQ,0,1,33,72.78,2401.74,0,0,3,No
756,5023-PXNFJ,1,0,11,119.97,1319.67,2,2,3,No
757,7828-MNRLA,1,1,33,104.33,3442.89,0,2,1,No
758,3643-HNWIB,1,1,7,56.18,393.26,0,0,3,No
759,7387-KHKHB,0,1,31,21.03,651.93,1,1,0,No
760,4072-NJBGZ,1,1,48,82.62,3965.76,0,0,3,No
761,0345-MZVXC,0,0,47,90.39,4248.33,2,1,1,No
762,7731-JEPUS,0,0,53,85.08,4509.24,1,1,1,No
763,4558-XIJPP,0,0,19,116.79,2219.01,2,1,2,Yes
764,8536-UXONI,1,1,6,106.3,637.8,1,0,0,No
765,1984-ZEZGL,0,0,49,64.88,3179.12,2,0,1,Yes
766,8072-TWRKY,1,0,50,26.29,1314.5,0,1,0,No
767,2191-CUEKO,0,0,12,67.61,811.32,0,2,3,No
768,5090-EOLTD,1,0,23,88.92,2045.16,0,2,1,No
769,7440-UBKPS,0,1,54,80.77,4361.58,2,2,2,No
770,4298-IMYOT,1,1,69,73.81,5092.89,1,1,1,No
771,1254-TPJPC,1,0,59,66.88,3945.92,1,0,2,Yes
772,3929-DOVLH,1,0,36,49.38,1777.68,1,1,0,No
773,6695-DPQCE,0,0,3,47.73,143.19,0,2,2,Yes
774,4436-ZSIHF,0,1,58,70.02,4061.16,2,0,3,No
775,0566-USBEN,1,1,55,36.06,1983.3,1,1,3,Yes
776,1364-QXIXY,0,1,57,54.07,3081.99,2,1,3,No
777,7092-LANWY,0,0,17,52.4,890.8,1,2,1,No
778,9845-LZOUG,0,1,39,78.71,3069.69,0,1,3,No
779,9315-ZPUNO,0,1,68,26.67,1813.56,2,0,3,No
780,3357-WHPWE,0,1,55,102.97,5663.35,1,2,1,No
781,5683-UNAJE,0,1,45,76.24,3430.8,1,2,0,No
782,4006-MLTAX,0,1,1,87.08,87.08,1,0,3,No
783,0137-ISZYF,1,0,21,90.31,1896.51,1,2,3,No
784,3591-QCJLX,1,0,21,49.15,1032.15,0,1,1,No
785,0708-TMHXT,0,0,52,67.04,3486.08,1,1,0,No
786,9871-TILAZ,1,0,43,115.62,4971.66,1,2,0,No
787,4544-FHJWX,1,1,52,96.67,5026.84,0,0,0,Yes
788,4856-YFBXW,1,0,67,116.96,7836.32,1,1,1,No
789,1161-BKHPW,0,0,44,94.63,4163.72,2,0,2,No
790,7645-BSIDK,0,0,32,37.56,1201.92,2,1,2,No
791,6658-KLCVU,0,1,10,26.45,264.5,1,1,3,No
792,5426-SMNUA,0,0,64,77.77,4977.28,0,2,3,No
793,3980-NBUNU,0,1,69,55.78,3848.82,0,2,3,No
794,1387-FRDLE,1,1,68,47.55,3233.4,0,0,2,No
795,8172-IUJJN,0,1,28,100.72,2820.16,1,2,1,No
796,4392-XXZWY,1,0,53,56.7,3005.1,1,1,3,No
797,4944-OJGAC,0,1,51,51.7,2636.7,2,1,1,No
798,0480-EZHVL,1,0,53,105,5565,0,0,3,Yes
799,0242-RFXAJ,0,0,4,104.63,418.52,1,0,1,No
800,8571-YHBVD,0,0,17,55.64,945.88,1,1,1,No
801,4234-HTYMF,0,1,67,103.25,6917.75,1,2,2,Yes
802,4902-VWPQS,0,1,47,105.08,4938.76,0,2,1,Yes
803,8463-OPFSJ,0,0,56,62.39,3493.84,0,0,0,No
804,9083-NFAEF,0,1,23,26.65,612.95,2,0,2,Yes
805,2142-GVSZX,1,1,18,20.16,362.88,0,1,3,Yes
806,0221-UXNJO,0,1,1,72.33,72.33,1,1,2,No
807,6219-VIVQG,1,0,35,54.41,1904.35,2,0,0,No
808,9986-OPMUP,0,1,64,119.71,7661.44,0,1,0,No
809,1787-HJHYV,1,1,58,97.24,5639.92,0,0,1,No
810,9290-EFYHV,1,0,59,96.13,5671.67,0,0,0,No
811,0427-LGVMM,1,1,1,115.52,115.52,0,2,0,No
812,9750-IYCUN,1,0,3,108.77,326.31,1,0,0,Yes
813,2971-LSZDQ,1,1,67,51.82,3471.94,0,1,0,No
814,8699-PORGM,1,1,37,36.6,1354.2,1,2,3,Yes
815,5046-ZURJC,0,1,29,94.59,2743.11,1,2,3,No
816,8233-YMRNL,1,1,33,57.83,1908.39,1,1,2,Yes
817,1865-YFJIR,0,1,61,67.32,4106.52,2,1,1,No
818,9754-FHRZI,0,1,4,83.04,332.16,1,1,3,No
819,5842-FAHBX,1,0,14,110.79,1551.06,0,0,0,No
820,8101-RAOXO,1,1,33,61.91,2043.03,2,2,1,No
821,1305-FNKYI,0,1,22,98.33,2163.26,0,0,3,No
822,2478-DQINC,1,1,48,46.83,2247.84,1,0,2,No
823,0405-JNYSD,1,0,3,89.8,269.4,0,0,0,No
824,9009-SIRCE,1,0,23,20.16,463.68,2,0,1,No
825,7870-DJEET,1,0,68,107.15,7286.2,2,2,3,Yes
826,0328-VAWSM,1,1,21,23.04,483.84,0,2,1,Yes
827,8378-BKCHG,1,1,43,91.28,3925.04,0,0,3,No
828,8714-TMWIL,1,0,26,24.63,640.38,0,1,2,Yes
829,1506-XEBXD,0,0,41,46.62,1911.42,2,2,0,No
830,5439-VYGJB,1,0,38,69.72,2649.36,1,0,2,Yes
831,9652-KSXEE,0,1,11,61.99,681.89,0,1,0,No
832,7319-OGIKL,0,0,29,39.18,1136.22,1,1,0,Yes
833,3858-AZHFJ,0,1,60,53.38,3202.8,2,0,1,No
834,4293-XYNIN,0,1,67,92.77,6215.59,0,2,3,Yes
835,1944-MOULK,1,1,65,86.93,5650.45,0,1,2,Yes
836,2498-HQNVR,0,0,61,27.18,1657.98,2,2,2,Yes
837,7263-YQDWW,0,1,19,94.73,1799.87,0,2,2,No
838,4927-QFBFS,0,0,46,25.3,1163.8,1,1,1,Yes
839,6046-DPXCN,0,0,49,74.29,3640.21,2,0,1,No
840,6139-NPVCL,0,0,22,46.01,1012.22,2,1,1,Yes
841,1129-NQVGI,1,0,57,78.77,4489.89,0,1,0,Yes
842,0583-MHJVD,1,1,14,46.13,645.82,2,2,2,No
843,8891-ZFAWI,0,1,44,118.5,5214,0,0,0,No
844,4311-IKFAG,1,1,16,50.97,815.52,0,2,2,No
845,0996-TZRPI,1,1,12,44.2,530.4,2,1,2,No
846,9363-KZWAI,0,0,55,47.85,2631.75,0,0,3,No
847,2568-DSNPB,0,0,51,109.65,5592.15,1,0,2,No
848,7081-VVMTS,0,0,39,83.62,3261.18,1,0,1,No
849,0718-HGVMM,1,0,33,93.07,3071.31,0,0,1,No
850,5089-HAJSA,0,1,33,111.8,3689.4,1,0,1,No
851,5106-RGIWE,1,0,29,111.19,3224.51,0,1,3,No
852,8569-UOFUI,1,1,69,93.89,6478.41,1,1,3,No
853,5419-MMSAB,1,0,70,39.78,2784.6,2,1,0,Yes
854,7053-LUQKX,0,0,31,104.34,3234.54,0,2,2,Yes
855,8984-RXTZD,1,0,31,40.38,1251.78,0,0,2,No
856,2166-MTBQI,0,0,46,94.29,4337.34,0,0,1,No
857,8080-MWDLP,0,1,52,88.56,4605.12,0,1,1,No
858,5085-YNEOZ,0,1,10,95.89,958.9,0,0,1,Yes
859,9596-CTTRX,0,1,41,73.27,3004.07,0,2,1,No
860,7646-OCAWZ,0,1,3,83.87,251.61,2,0,1,Yes
861,1644-MHEFJ,1,0,59,115.33,6804.47,2,0,1,No
862,3061-RGMDO,1,0,52,30.11,1565.72,1,2,2,Yes
863,1353-NYZGU,1,1,34,50.88,1729.92,0,1,3,No
864,7884-ILMHC,1,1,49,81.14,3975.86,1,1,1,No
865,4253-KYQAI,1,0,28,116.41,3259.48,1,0,2,Yes
866,8716-GWZPC,0,0,13,29.56,384.28,2,2,1,No
867,4730-INBFY,0,1,69,22.25,1535.25,1,1,0,No
868,8359-KQVEO,1,1,67,25.57,1713.19,2,1,0,Yes
869,1672-KRQNT,1,1,61,25.24,1539.64,1,1,2,No
870,8892-MGUAO,1,0,60,110.78,6646.8,0,0,3,No
871,7928-EEGAO,0,1,71,92.13,6541.23,1,2,0,No
872,0707-KWCOX,0,1,24,87.71,2105.04,2,0,0,Yes
873,9089-IWTOC,0,1,63,72.26,4552.38,2,1,3,No
874,3475-ILEIA,1,1,61,98.2,5990.2,2,2,0,No
875,3960-JBRTI,1,1,23,35.56,817.88,1,0,1,No
876,9792-IMLFE,1,0,30,59.19,1775.7,1,1,3,No
877,7196-DANGN,1,1,60,69,4140,2,1,0,No
878,4696-WMJLX,0,0,18,31.04,558.72,0,0,3,Yes
879,5956-MSQMC,1,1,56,61.95,3469.2,0,1,1,Yes
880,4612-KGMDV,1,1,53,51.65,2737.45,1,1,0,No
881,1405-XVNYT,1,1,7,23.56,164.92,1,2,2,No
882,2473-MQYHJ,0,0,69,33.67,2323.23,2,1,0,Yes
883,2797-VXVFY,0,0,72,96.4,6940.8,1,0,0,No
884,3531-FYXBM,1,0,52,21.8,1133.6,1,2,1,No
885,0326-IIQJE,0,1,4,113.43,453.72,2,0,2,No
886,4113-ZGNGJ,0,1,34,28.64,973.76,2,1,2,Yes
887,8728-FCACW,0,0,69,99.92,6894.48,1,2,2,Yes
888,7276-TLSRI,0,0,33,109.86,3625.38,0,2,1,No
889,0018-XKUHN,0,1,69,114.11,7873.59,1,2,1,No
890,8942-RSARN,1,0,38,106.75,4056.5,0,2,1,No
891,5944-SEXGT,1,1,26,48.76,1267.76,0,0,1,No
892,8860-YFDKN,1,0,1,53.31,53.31,0,1,1,No
893,8413-LUPKB,0,0,4,62.65,250.6,2,1,2,No
894,9125-DNYLR,0,0,39,33.93,1323.27,2,2,3,No
895,9227-YIHRP,0,1,54,22.23,1200.42,2,1,1,Yes
896,8440-VAAYY,0,1,33,106.91,3528.03,1,0,3,No
897,3313-MYEPD,1,0,33,75.41,2488.53,2,1,0,No
898,8537-LRXID,1,1,72,80.87,5822.64,2,0,0,No
899,9068-OEMYM,1,1,20,112.7,2254,1,0,1,No
900,4634-IKIEK,1,1,16,86.51,1384.16,1,1,0,No
901,3831-QNKSN,1,1,21,89.09,1870.89,0,0,3,No
902,8254-QUMJK,1,0,45,98.7,4441.5,1,0,0,Yes
903,6335-RMGQS,0,1,62,31.63,1961.06,1,0,0,No
904,6464-DDKZQ,0,1,31,56.02,1736.62,2,0,3,No
905,8665-SVRYE,1,0,42,116.82,4906.44,0,2,0,No
906,9244-ASIZP,0,1,12,112.29,1347.48,0,1,1,No
907,5603-LIZLR,1,1,65,108.41,7046.65,1,2,3,No
908,4899-TWPEI,1,1,3,65.21,195.63,2,0,3,No
909,3097-SSEKC,0,0,9,105.72,951.48,2,1,2,Yes
910,8365-CSLOE,1,0,51,24.84,1266.84,2,0,2,Yes
911,2489-RWTYK,1,1,16,34.85,557.6,2,1,3,No
912,5086-EUXLU,1,1,3,61.4,184.2,1,2,3,No
913,9344-YMNEA,0,0,24,68.34,1640.16,2,1,2,No
914,4660-XFFSK,0,0,13,46.35,602.55,0,0,1,No
915,3045-CJCOU,0,0,2,55.65,111.3,0,1,0,No
916,3024-MLMJJ,0,1,71,36.28,2575.88,1,1,0,No
917,8133-HXOFT,1,1,21,68.91,1447.11,2,2,0,Yes
918,2802-DQQGB,0,0,19,99.38,1888.22,2,0,3,No
919,5703-MMINF,0,1,47,86.14,4048.58,2,1,1,No
920,0737-XFPVZ,0,1,22,30.78,677.16,2,2,2,No
921,6813-TCNXC,1,1,33,68.76,2269.08,1,1,1,Yes
922,7684-LYDTX,0,1,32,89.76,2872.32,2,0,1,Yes
923,5944-JMLWT,0,1,64,72.99,4671.36,1,1,0,No
924,7695-JVSMD,1,1,39,59.17,2307.63,2,1,2,No
925,4605-FEBDZ,1,1,72,82.19,5917.68,2,1,1,No
926,0873-JUPGX,1,0,42,116.86,4908.12,0,1,2,No
927,5410-XEHQX,1,0,9,29.49,265.41,1,0,3,No
928,7771-YVYJC,0,0,25,59,1475,0,2,0,No
929,0131-HJMNN,1,0,2,60.66,121.32,1,2,2,No
930,1091-SDIPO,0,0,19,77.7,1476.3,2,1,3,No
931,5996-BOSQK,0,0,20,35.22,704.4,2,0,3,Yes
932,3063-JTXKW,0,0,70,37.66,2636.2,1,0,3,No
933,5489-XHZJN,0,0,17,48.54,825.18,0,0,1,No
934,6791-XNVSG,0,0,68,115.59,7860.12,1,0,1,No
935,6352-RITDG,1,1,3,93.41,280.23,1,0,0,No
936,0464-VKAVC,0,1,51,86.17,4394.67,2,0,0,No
937,6097-MVFKB,0,0,26,101.7,2644.2,0,1,3,Yes
938,3926-ALFGP,0,1,56,32.76,1834.56,1,2,0,No
939,7447-RNHDP,1,1,64,105.93,6779.52,0,2,1,No
940,4013-VEVAF,0,0,8,79.48,635.84,0,1,0,No
941,0339-ZTJFA,0,0,37,53.53,1980.61,1,2,2,Yes
942,5889-HIELA,1,0,27,101.59,2742.93,0,0,1,No
943,4258-DOORA,0,1,45,100.26,4511.7,2,0,3,Yes
944,7095-DAMMA,0,1,4,104.57,418.28,2,2,3,Yes
945,6130-YYTPU,1,0,37,31.55,1167.35,2,0,0,No
946,0190-KBRUX,0,1,71,116.94,8302.74,2,0,1,No
947,7791-SGIEC,0,1,33,115.96,3826.68,0,2,3,No
948,1559-PJAUP,0,1,31,55.75,1728.25,2,1,3,No
949,7161-OINYB,0,0,55,26.59,1462.45,1,2,1,No
950,1394-THHBI,0,1,12,36.71,440.52,2,2,1,No
951,0191-IPIFY,1,1,11,119.28,1312.08,1,2,3,No
952,1821-IPJIU,1,1,72,76.3,5493.6,1,2,0,No
953,7436-NRKDX,1,1,32,55.66,1781.12,2,1,0,No
954,5302-EMVLL,0,1,57,48.82,2782.74,2,1,0,No
955,3203-AEEFD,0,1,38,45.7,1736.6,0,0,2,No
956,4941-XLWPJ,0,1,60,86.42,5185.2,1,0,1,No
957,4878-SFXLF,1,0,19,61.94,1176.86,2,2,3,Yes
958,7848-DOQYI,0,0,56,116.54,6526.24,0,0,2,No
959,3713-JZBEU,0,1,14,88.38,1237.32,2,1,0,Yes
960,1713-IEULG,0,0,33,99.2,3273.6,2,0,2,No
961,4644-ZOOMM,1,1,10,49.27,492.7,2,0,3,Yes
962,1734-JOAPX,1,1,64,27.92,1786.88,1,0,3,No
963,7982-HIRUC,0,1,64,68.78,4401.92,2,2,1,No
964,2197-BVZGW,0,0,62,51.46,3190.52,0,0,0,No
965,0334-XHWUZ,0,1,68,40.21,2734.28,2,1,0,No
966,3084-WWOVB,1,1,43,115.26,4956.18,2,1,2,No
967,1419-CXJBM,1,0,59,64.4,3799.6,0,1,0,No
968,5958-ARBWZ,1,0,52,37.47,1948.44,0,1,2,No
969,4775-GUFDX,0,1,19,39.87,757.53,1,0,3,No
970,5436-MUTAI,1,0,21,48.07,1009.47,1,2,3,No
971,1380-RXVSF,0,0,22,119.93,2638.46,1,1,3,No
972,6303-KOQMV,0,1,9,46.8,421.2,1,1,3,No
973,5451-RMEJI,1,1,9,52.88,475.92,0,2,3,Yes
974,3666-TFOGV,0,1,27,85.93,2320.11,2,2,2,No
975,3800-CNPMW,1,0,17,49.4,839.8,2,1,3,No
976,4248-AYGRK,0,0,44,41.58,1829.52,2,1,2,No
977,6115-CGIGM,0,0,45,35.86,1613.7,1,2,3,No
978,1274-VECEQ,1,1,8,51.27,410.16,0,1,2,No
979,2469-DBWPT,0,0,18,30.59,550.62,0,1,2,Yes
980,9321-EJKOS,0,0,33,21.86,721.38,0,0,2,No
981,3828-TURRC,0,1,1,100.46,100.46,2,2,0,Yes
982,1266-ITZQO,0,1,6,33.79,202.74,1,0,2,No
983,7739-QDCFP,0,1,41,97.6,4001.6,0,0,2,Yes
984,5134-XVMOE,0,0,55,99.75,5486.25,1,2,3,No
985,8876-TQLJU,0,1,5,73.79,368.95,0,0,2,No
986,2776-ITNAL,0,0,59,50.97,3007.23,1,1,2,Yes
987,9282-NZGVE,1,0,18,34.5,621,0,0,1,No
988,1297-ZZMNN,1,1,49,93.68,4590.32,1,2,0,No
989,4129-PPOBV,0,1,65,80.14,5209.1,0,1,1,No
990,5531-KCMMA,0,1,54,85.55,4619.7,0,1,3,No
991,2245-CPFFQ,1,1,61,20.87,1273.07,1,1,0,Yes
992,0287-UHTKT,0,1,8,112.75,902,1,1,0,Yes
993,8049-BKORI,1,0,3,26.63,79.89,2,0,1,No
994,2387-IZSCD,1,0,25,56.68,1417,1,0,0,No
995,7560-AITIA,1,0,69,60.27,4158.63,0,1,1,No
996,5956-JNPSZ,0,1,55,20.14,1107.7,0,2,2,Yes
997,0465-QVXBV,0,0,40,69.71,2788.4,1,1,1,Yes
998,4030-PSGVM,0,1,50,95.28,4764,2,0,0,No
999,8854-ABNEI,1,1,33,102.33,3376.89,1,1,0,Yes
